1,google.com
2,youtube.com
3,facebook.com
4,baidu.com
5,wikipedia.org
6,qq.com
7,yahoo.com
8,taobao.com
9,tmall.com
10,amazon.com
11,instagram.com
12,google.co.in
13,twitter.com
14,sohu.com
15,live.com
16,vk.com
17,jd.com
18,yandex.ru
19,sina.com.cn
20,weibo.com
21,google.co.jp
22,360.cn
23,login.tmall.com
24,reddit.com
25,blogspot.com
26,linkedin.com
27,google.com.hk
28,netflix.com
29,google.com.br
30,pornhub.com
31,csdn.net
32,office.com
33,twitch.tv
34,microsoftonline.com
35,yahoo.co.jp
36,mail.ru
37,pages.tmall.com
38,google.fr
39,google.ru
40,livejasmin.com
41,microsoft.com
42,google.co.uk
43,ebay.com
44,google.de
45,alipay.com
46,t.co
47,aliexpress.com
48,bing.com
49,xvideos.com
50,msn.com
51,whatsapp.com
52,naver.com
53,google.ca
54,stackoverflow.com
55,wordpress.com
56,google.com.mx
57,amazon.in
58,google.it
59,tribunnews.com
60,imdb.com
61,amazon.co.jp
62,github.com
63,paypal.com
64,xhamster.com
65,google.es
66,google.com.tr
67,tumblr.com
68,apple.com
69,google.com.tw
70,adobe.com
71,imgur.com
72,google.com.au
73,google.co.kr
74,wikia.com
75,googleusercontent.com
76,espn.com
77,pinterest.com
78,dropbox.com
79,porn555.com
80,detail.tmall.com
81,popads.net
82,bongacams.com
83,fbcdn.net
84,bilibili.com
85,xinhuanet.com
86,thestartmagazine.com
87,google.co.id
88,amazon.co.uk
89,quora.com
90,cobalten.com
91,amazon.de
92,xnxx.com
93,google.cn
94,hao123.com
95,tianya.cn
96,pixnet.net
97,amazonaws.com
98,flipkart.com
99,google.co.th
100,exosrv.com
101,cnn.com
102,bbc.com
103,force.com
104,google.pl
105,onlinesbi.com
106,booking.com
107,bbc.co.uk
108,google.com.ar
109,nytimes.com
110,txxx.com
111,google.com.pk
112,google.com.eg
113,stackexchange.com
114,google.com.sa
115,zhihu.com
116,rakuten.co.jp
117,soso.com
118,soundcloud.com
119,chase.com
120,ask.com
121,aparat.com
122,detik.com
123,nih.gov
124,babytree.com
125,craigslist.org
126,bukalapak.com
127,1688.com
128,spotify.com
129,instructure.com
130,iqiyi.com
131,vimeo.com
132,indeed.com
133,dailymotion.com
134,google.com.ua
135,theguardian.com
136,avito.ru
137,researchgate.net
138,google.com.vn
139,google.com.sg
140,so.com
141,openload.co
142,chaturbate.com
143,ettoday.net
144,ionanewsupdate.info
145,panda.tv
146,roblox.com
147,google.co.za
148,ok.ru
149,nicovideo.jp
150,uol.com.br
151,activetect.net
152,daum.net
153,slideshare.net
154,sogou.com
155,google.co.ao
156,salesforce.com
157,globo.com
158,google.co.ve
159,ebay.co.uk
160,w3schools.com
161,zhanqi.tv
162,ebay.de
163,china.com.cn
164,godaddy.com
165,cnblogs.com
166,google.az
167,etsy.com
168,slack.com
169,upornia.com
170,wetransfer.com
171,mediafire.com
172,alibaba.com
173,scribd.com
174,cnet.com
175,aliyun.com
176,google.gr
177,caijing.com.cn
178,wikihow.com
179,vice.com
180,nextoptim.com
181,google.com.co
182,walmart.com
183,quizlet.com
184,youm7.com
185,liputan6.com
186,fc2.com
187,sciencedirect.com
188,eastday.com
189,getadblock.com
190,mercadolivre.com.br
191,4c7og3qcob.com
192,people.com.cn
193,dailymail.co.uk
194,google.com.ph
195,otvfoco.com.br
196,amazon.it
197,tokopedia.com
198,bet9ja.com
199,discordapp.com
200,indiatimes.com
201,google.com.pe
202,weather.com
203,youporn.com
204,spankbang.com
205,amazon.fr
206,bankofamerica.com
207,huanqiu.com
208,deviantart.com
209,blogger.com
210,freepik.com
211,google.nl
212,softonic.com
213,yelp.com
214,shutterstock.com
215,wellsfargo.com
216,chinadaily.com.cn
217,onlinevideoconverter.com
218,outbrain.com
219,zillow.com
220,google.no
221,myshopify.com
222,livejournal.com
223,kompas.com
224,savefrom.net
225,rambler.ru
226,trello.com
227,washingtonpost.com
228,google.com.ng
229,steamcommunity.com
230,doubleclick.net
231,yts.am
232,twimg.com
233,hulu.com
234,google.se
235,rednet.cn
236,google.be
237,redtube.com
238,bet365.com
239,ci123.com
240,duckduckgo.com
241,digikala.com
242,breitbart.com
243,forbes.com
244,ebay-kleinanzeigen.de
245,douban.com
246,google.cl
247,mozilla.org
248,google.pt
249,amazon.es
250,163.com
251,cloudfront.net
252,jf71qh5v14.com
253,mega.nz
254,messenger.com
255,canva.com
256,patiskcontentdelivery.info
257,foxnews.com
258,blackboard.com
259,ladbible.com
260,amazon.ca
261,medium.com
262,thepiratebay.org
263,ltn.com.tw
264,intuit.com
265,gearbest.com
266,momoshop.com.tw
267,nfl.com
268,speedtest.net
269,yy.com
270,hclips.com
271,google.ae
272,reverso.net
273,xfinity.com
274,office365.com
275,genius.com
276,google.ro
277,doublepimp.com
278,setn.com
279,bestbuy.com
280,archive.org
281,abs-cbn.com
282,1337x.to
283,google.ch
284,google.dz
285,ikea.com
286,tripadvisor.com
287,rt.com
288,line.me
289,zendesk.com
290,mailchimp.com
291,businessinsider.com
292,buzzfeed.com
293,usps.com
294,steampowered.com
295,amazon.cn
296,tistory.com
297,oeeee.com
298,wikimedia.org
299,hola.com
300,gamepedia.com
301,wordreference.com
302,rutracker.org
303,exdynsrv.com
304,pinimg.com
305,newsprofin.com
306,lolesports.com
307,google.at
308,icloud.com
309,hp.com
310,americanexpress.com
311,behance.net
312,zoho.com
313,okta.com
314,jianshu.com
315,orange.fr
316,google.co.il
317,bp.blogspot.com
318,allegro.pl
319,f5v1x3kgv5.com
320,list.tmall.com
321,glassdoor.com
322,capitalone.com
323,thesaurus.com
324,dkn.tv
325,telegram.org
326,academia.edu
327,aol.com
328,redd.it
329,17ok.com
330,s9kkremkr0.com
331,tvbs.com.tw
332,coinmarketcap.com
333,crptentry.com
334,asos.com
335,hellomagazine.com
336,udemy.com
337,hdfcbank.com
338,airbnb.com
339,kinopoisk.ru
340,google.cz
341,banvenez.com
342,baike.com
343,ups.com
344,ria.ru
345,varzesh3.com
346,patria.org.ve
347,yao.tmall.com
348,gfycat.com
349,youdao.com
350,cambridge.org
351,myway.com
352,irctc.co.in
353,51sole.com
354,weebly.com
355,flickr.com
356,albawabhnews.com
357,ebc.net.tw
358,kaskus.co.id
359,gamespot.com
360,homedepot.com
361,sourceforge.net
362,zoom.us
363,ameblo.jp
364,siteadvisor.com
365,op.gg
366,taboola.com
367,mmofreegames.online
368,wordpress.org
369,google.ie
370,namnak.com
371,kumparan.com
372,jrj.com.cn
373,ouo.io
374,oracle.com
375,battle.net
376,springer.com
377,box.com
378,fedex.com
379,cdninstagram.com
380,hotstar.com
381,namu.wiki
382,huffingtonpost.com
383,samsung.com
384,atlassian.net
385,zippyshare.com
386,sex.com
387,sberbank.ru
388,gosuslugi.ru
389,wiley.com
390,pixiv.net
391,googlevideo.com
392,livedoor.jp
393,rarbg.to
394,doublepimpssl.com
395,zol.com.cn
396,files.wordpress.com
397,target.com
398,kissanime.ru
399,google.kz
400,infourok.ru
401,ndtv.com
402,icicibank.com
403,exoclick.com
404,grid.id
405,fiverr.com
406,onet.pl
407,sindonews.com
408,huaban.com
409,primevideo.com
410,uptodown.com
411,wix.com
412,ensonhaber.com
413,olx.ua
414,healthline.com
415,state.gov
416,mi.com
417,userapi.com
418,ign.com
419,goodreads.com
420,oath.com
421,patreon.com
422,cnbc.com
423,rottentomatoes.com
424,shopify.com
425,hotmovs.com
426,diply.com
427,okdiario.com
428,usatoday.com
429,wiktionary.org
430,elsevier.com
431,leboncoin.fr
432,skype.com
433,i62e2b4mfy.com
434,wp.pl
435,evernote.com
436,google.hu
437,smallpdf.com
438,znanija.com
439,dell.com
440,rotumal.com
441,theverge.com
442,shaparak.ir
443,pixabay.com
444,upwork.com
445,hdzog.com
446,accuweather.com
447,free.fr
448,mercadolibre.com.ar
449,kakaku.com
450,huya.com
451,adp.com
452,slickdeals.net
453,livedoor.com
454,manoramaonline.com
455,seasonvar.ru
456,mercadolibre.com.mx
457,libero.it
458,gmx.net
459,citi.com
460,ouedkniss.com
461,prezi.com
462,pikabu.ru
463,gismeteo.ru
464,58.com
465,divar.ir
466,bloomberg.com
467,surveymonkey.com
468,tutorialspoint.com
469,taleo.net
470,chegg.com
471,themeforest.net
472,elpais.com
473,friv.com
474,investing.com
475,google.com.kw
476,beeg.com
477,rediff.com
478,google.fi
479,inquirer.net
480,pantip.com
481,bitly.com
482,digitaldsp.com
483,olx.pl
484,9gag.com
485,patch.com
486,merdeka.com
487,naganoadigei.com
488,mit.edu
489,grammarly.com
490,google.sk
491,myanimelist.net
492,discogs.com
493,mawdoo3.com
494,seznam.cz
495,pornq.com
496,ilovepdf.com
497,naija.ng
498,google.dk
499,dmm.co.jp
500,bkn.go.id
501,ebay.it
502,nike.com
503,google.co.nz
504,sahibinden.com
505,wixsite.com
506,ifeng.com
507,ebay.com.au
508,android.com
509,wsj.com
510,kooora.com
511,eventbrite.com
512,paytm.com
513,104.com.tw
514,dcinside.com
515,metropoles.com
516,ultimate-guitar.com
517,leagueoflegends.com
518,subscene.com
519,lenta.ru
520,yandex.kz
521,gome.com.cn
522,flvto.biz
523,marca.com
524,billdesk.com
525,t66y.com
526,cqnews.net
527,drom.ru
528,rutube.ru
529,hm.com
530,wish.com
531,list-manage.com
532,wowhead.com
533,vidio.com
534,vacaneedasap.com
535,sabq.org
536,go.com
537,telewebion.com
538,webmd.com
539,egy.best
540,ibm.com
541,att.com
542,nur.kz
543,douyu.com
544,idntimes.com
545,khanacademy.org
546,web.de
547,hurriyet.com.tr
548,jb51.net
549,playstation.com
550,urbandictionary.com
551,gsmarena.com
552,google.lk
553,repubblica.it
554,ca.gov
555,drudgereport.com
556,cbssports.com
557,cinecalidad.to
558,engadget.com
559,yourporn.sexy
560,tradingview.com
561,weblio.jp
562,spiegel.de
563,126.com
564,merriam-webster.com
565,thefreedictionary.com
566,prothomalo.com
567,cdstm.cn
568,squarespace.com
569,droom.in
570,pexels.com
571,bleacherreport.com
572,giphy.com
573,geeksforgeeks.org
574,6.cn
575,smzdm.com
576,webex.com
577,jiameng.com
578,naukri.com
579,blog.jp
580,unsplash.com
581,taringa.net
582,banggood.com
583,paytmmall.com
584,fb.ru
585,kickstarter.com
586,torrentz2.eu
587,gstatic.com
588,bandcamp.com
589,investopedia.com
590,asus.com
591,drive2.ru
592,animeyt.tv
593,wattpad.com
594,avgle.com
595,reuters.com
596,ptt.cc
597,3c.tmall.com
598,oload.cc
599,gizmodo.com
600,autodesk.com
601,ieee.org
602,appledaily.com
603,artstation.com
604,coursehero.com
605,nga.cn
606,google.com.do
607,fidelity.com
608,nexusmods.com
609,crunchyroll.com
610,4chan.org
611,kapanlagi.com
612,youku.com
613,hubspot.com
614,pandora.com
615,gmarket.co.kr
616,blibli.com
617,jw.org
618,westernjournal.com
619,heraldweekly.com
620,olx.com.br
621,animeflv.net
622,epicgames.com
623,goo.ne.jp
624,huawei.com
625,voot.com
626,souq.com
627,rbc.ru
628,wtoip.com
629,tamilrockers.hn
630,turkiye.gov.tr
631,nyaa.si
632,gotporn.com
633,porn.com
634,cricbuzz.com
635,verizonwireless.com
636,bild.de
637,hespress.com
638,udn.com
639,nhentai.net
640,macys.com
641,hotnewhiphop.com
642,bancodevenezuela.com
643,google.com.ly
644,e-hentai.org
645,studfiles.net
646,alodokter.com
647,mathrubhumi.com
648,gamer.com.tw
649,memurlar.net
650,tube8.com
651,cryptobrowser.site
652,convert2mp3.net
653,runoob.com
654,sputniknews.com
655,trustpilot.com
656,yandex.com.tr
657,browsergames2018.com
658,ruliweb.com
659,discover.com
660,alicdn.com
661,sportbible.com
662,td.com
663,google.rs
664,trustednotice.news
665,ali213.net
666,asana.com
667,kijiji.ca
668,vnexpress.net
669,media.tumblr.com
670,yadi.sk
671,indiamart.com
672,vporn.com
673,douyin.com
674,xda-developers.com
675,3dmgame.com
676,dailysnark.com
677,urdupoint.com
678,wunderground.com
679,uzone.id
680,banesconline.com
681,expedia.com
682,google.bg
683,coursera.org
684,google.by
685,eksisozluk.com
686,mercadolibre.com.ve
687,agoda.com
688,mgid.com
689,tempo.co
690,dictionary.com
691,n11.com
692,google.tn
693,dailycaller.com
694,kizlarsoruyor.com
695,dytt8.net
696,nordstrom.com
697,elmogaz.com
698,express.co.uk
699,caixa.gov.br
700,espncricinfo.com
701,cisco.com
702,newegg.com
703,movie2free.com
704,uniqlo.tmall.com
705,gamersky.com
706,discuss.com.hk
707,milliyet.com.tr
708,tencent.com
709,mercari.com
710,xiami.com
711,nikkei.com
712,filehippo.com
713,elbalad.news
714,independent.co.uk
715,hotels.com
716,cbsnews.com
717,popcash.net
718,ecosia.org
719,feedly.com
720,telegraph.co.uk
721,ninisite.com
722,rapidgator.net
723,marriott.com
724,toutiao.com
725,scol.com.cn
726,eyny.com
727,dianping.com
728,www.gov.uk
729,gyazo.com
730,mheducation.com
731,nature.com
732,elmundo.es
733,dmm.com
734,debate.com.mx
735,moneycontrol.com
736,click-it-now.online
737,as.com
738,chinaz.com
739,binance.com
740,hepsiburada.com
741,hh.ru
742,justdial.com
743,viva.co.id
744,interia.pl
745,mlb.com
746,bhphotovideo.com
747,meetup.com
748,emol.com
749,xe.com
750,japanpost.jp
751,techradar.com
752,yaplakal.com
753,europa.eu
754,qualtrics.com
755,thedailybeast.com
756,lemonde.fr
757,fishki.net
758,norton.com
759,torrent9.ph
760,wayfair.com
761,issuu.com
762,myntra.com
763,jstor.org
764,subject.tmall.com
765,bitbucket.org
766,snapdeal.com
767,intel.com
768,chouftv.ma
769,nbcsports.com
770,pirateproxy.gdn
771,npr.org
772,nianhuo.tmall.com
773,jqw.com
774,irs.gov
775,oschina.net
776,tandfonline.com
777,uod2quk646.com
778,v2ex.com
779,factaholics.com
780,hatenablog.com
781,11st.co.kr
782,groupon.com
783,corriere.it
784,eztv.ag
785,farfetch.com
786,nvzhuang.tmall.com
787,mobile.de
788,dnevnik.ru
789,blog.me
790,stanford.edu
791,getpocket.com
792,pchome.com.tw
793,padlet.com
794,addthis.com
795,harvard.edu
796,epfindia.gov.in
797,lifewire.com
798,dangdang.com
799,t-online.de
800,getlnk1.com
801,study.com
802,arxiv.org
803,impress.co.jp
804,cdiscount.com
805,marketwatch.com
806,ytimg.com
807,costco.com
808,kayak.com
809,tmz.com
810,southwest.com
811,concursolutions.com
812,sapo.pt
813,gazeta.ru
814,nypost.com
815,cnnindonesia.com
816,vesti.ru
817,youjizz.com
818,cnzz.com
819,delta.com
820,secureserver.net
821,archiveofourown.org
822,food.tmall.com
823,nvidia.com
824,mileroticos.com
825,hamariweb.com
826,lenovo.com
827,4shared.com
828,mynet.com
829,wondershare.com
830,subito.it
831,lefigaro.fr
832,chess.com
833,bicentenariobu.com
834,uptobox.com
835,cimaclub.com
836,feng.com
837,dribbble.com
838,17track.net
839,cengage.com
840,5ch.net
841,naver.jp
842,nsportal.ru
843,rutor.info
844,superuser.com
845,gmanetwork.com
846,ozon.ru
847,nhk.or.jp
848,lifehacker.com
849,kp.ru
850,yournewtab.com
851,timeanddate.com
852,youth.cn
853,ticketmaster.com
854,segmentfault.com
855,ecollege.com
856,okezone.com
857,visualstudio.com
858,51cto.com
859,google.hr
860,4pda.ru
861,yenisafak.com
862,ebay.fr
863,dafont.com
864,zing.vn
865,spotscenered.info
866,yespornplease.com
867,creditonebank.com
868,biobiochile.cl
869,perfecttoolmedia.com
870,axisbank.co.in
871,ebates.com
872,lowes.com
873,pornpics.com
874,movierulz.st
875,techcrunch.com
876,makemytrip.com
877,hatena.ne.jp
878,shein.com
879,indoxx1.com
880,abril.com.br
881,shopee.tw
882,motorsport.com
883,doorblog.jp
884,pulzo.com
885,ruten.com.tw
886,mathworks.com
887,cnbeta.com
888,rarbgprx.org
889,myfreecams.com
890,velocitycdn.com
891,wildberries.ru
892,creditkarma.com
893,prom.ua
894,news.com.au
895,heavy.com
896,alwafd.news
897,redfin.com
898,newstarads.com
899,eporner.com
900,qihoo.com
901,akamaized.net
902,realclearpolitics.com
903,teacherspayteachers.com
904,chiphell.com
905,doodle.com
906,labanquepostale.fr
907,bol.uol.com.br
908,namasha.com
909,brilio.net
910,impots.gouv.fr
911,exhentai.org
912,google.com.gt
913,psu.edu
914,chron.com
915,vanguardngr.com
916,ccm.net
917,olymptrade.com
918,yandex.by
919,uploaded.net
920,donga.com
921,allrecipes.com
922,bankmellat.ir
923,cam4.com
924,google.lt
925,y8.com
926,depositphotos.com
927,united.com
928,admaimai.com
929,pearsoncmg.com
930,hitomi.la
931,caliente.mx
932,teamviewer.com
933,umblr.com
934,google.iq
935,usnews.com
936,americanas.com.br
937,dcard.tw
938,lentainform.com
939,monografias.com
940,realtor.com
941,digitaltrends.com
942,hootsuite.com
943,welt.de
944,reclameaqui.com.br
945,sci-hub.tw
946,envato.com
947,wp.com
948,duolingo.com
949,chsi.com.cn
950,auction.co.kr
951,acs.org
952,zara.com
953,google.com.ec
954,theatlantic.com
955,entrepreneur.com
956,tomsguide.com
957,miui.com
958,hupu.com
959,plicnewsupdate.info
960,dw.com
961,constantcontact.com
962,meteofrance.com
963,mayoclinic.org
964,oup.com
965,echo.msk.ru
966,people.com
967,livescore.com
968,britannica.com
969,zhibo8.cc
970,berkeley.edu
971,vox.com
972,biblegateway.com
973,schoology.com
974,bostonglobe.com
975,championat.com
976,constintptr.com
977,telegraf.com.ua
978,python.org
979,kohls.com
980,prnt.sc
981,narcity.com
982,mydrivers.com
983,err.tmall.com
984,360doc.com
985,google.com.my
986,s4yxaqyq95.com
987,bitmedianetwork.com
988,ficbook.net
989,mobile01.com
990,aa.com
991,flaticon.com
992,zougla.gr
993,sapo.ao
994,gazetaexpress.com
995,kisspng.com
996,standardmedia.co.ke
997,linkshrink.net
998,jimdo.com
999,poste.it
1000,chip.de